track,section,start_s,end_s,rms_dbfs,centroid_hz,stereo_side_fraction,low_pct,bass_pct,mid_pct,high_pct,air_pct,onsets
mix,assembly,0.000000,8.746250,-23.378,3090.9,0.0136,10.21,44.98,36.72,6.06,2.02,49
mix,first-pause,8.746250,9.168500,-80.697,662.4,0.0292,0.11,0.28,97.71,1.25,0.65,0
mix,first-parade,9.168500,18.049875,-17.666,2547.0,0.0238,56.16,23.85,15.80,3.33,0.87,44
mix,second-pause,18.049875,18.310792,-78.519,1327.1,0.0106,1.17,0.68,96.36,1.20,0.60,0
mix,interlocking-parade,18.310792,36.600000,-17.758,2615.4,0.0320,57.05,21.09,17.38,3.58,0.91,90
mix,open-breakdown,36.600000,44.400000,-21.398,2912.3,0.0750,7.62,31.33,52.71,7.04,1.30,40
mix,tunnel-return,44.400000,54.900000,-17.473,2549.2,0.0401,49.52,20.07,25.71,3.87,0.84,49
mix,suspended-breakdown,54.900000,64.000000,-21.848,3135.1,0.0280,14.66,43.76,34.20,5.81,1.57,44
mix,finale,64.000000,82.300000,-17.017,2532.5,0.0447,49.46,23.15,22.32,4.15,0.93,82
mix,settle,82.300000,86.120000,-21.907,819.1,0.0017,11.07,57.21,31.33,0.38,0.01,13
drums,assembly,0.000000,8.746250,-30.475,1641.2,0.0409,33.96,51.88,7.92,4.20,2.04,5
drums,first-pause,8.746250,9.168500,-72.756,2284.4,0.1340,1.30,23.15,66.14,8.03,1.38,0
drums,first-parade,9.168500,18.049875,-22.372,3988.7,0.0435,70.16,20.61,5.20,3.24,0.79,33
drums,second-pause,18.049875,18.310792,-76.974,2194.2,0.1694,1.75,44.87,46.11,6.34,0.93,0
drums,interlocking-parade,18.310792,36.600000,-21.962,4500.4,0.0521,75.64,16.98,3.82,2.86,0.70,69
drums,open-breakdown,36.600000,44.400000,-38.541,3089.1,0.0609,2.98,62.72,18.05,12.91,3.34,2
drums,tunnel-return,44.400000,54.900000,-22.832,4458.8,0.0738,75.52,16.80,3.85,3.15,0.69,39
drums,suspended-breakdown,54.900000,64.000000,-31.187,3085.1,0.0491,69.84,21.32,5.11,2.97,0.76,9
drums,finale,64.000000,82.300000,-21.815,4455.3,0.0935,75.53,16.57,3.99,3.07,0.83,76
drums,settle,82.300000,86.120000,-68.911,1457.2,0.0243,27.59,65.15,5.40,1.64,0.21,0
bass,assembly,0.000000,8.746250,-78.991,1096.6,0.0081,11.94,42.99,31.03,11.45,2.58,0
bass,first-pause,8.746250,9.168500,-78.061,2162.2,0.0015,3.14,25.58,47.40,17.98,5.90,0
bass,first-parade,9.168500,18.049875,-21.990,467.5,0.0024,84.41,14.11,1.47,0.00,0.00,30
bass,second-pause,18.049875,18.310792,-78.351,2257.7,0.0018,4.18,18.18,65.13,8.25,4.25,0
bass,interlocking-parade,18.310792,36.600000,-22.372,617.3,0.0053,83.90,14.25,1.83,0.01,0.00,69
bass,open-breakdown,36.600000,44.400000,-46.760,1343.2,0.0110,94.38,5.08,0.53,0.01,0.00,7
bass,tunnel-return,44.400000,54.900000,-22.573,458.4,0.0051,86.40,12.43,1.16,0.01,0.00,40
bass,suspended-breakdown,54.900000,64.000000,-56.115,2174.2,0.0436,99.01,0.78,0.15,0.06,0.01,0
bass,finale,64.000000,82.300000,-22.514,531.9,0.0103,81.50,16.38,2.10,0.02,0.00,70
bass,settle,82.300000,86.120000,-47.138,844.9,0.0083,17.04,63.14,19.72,0.10,0.00,8
other,assembly,0.000000,8.746250,-24.377,2753.8,0.0183,4.71,44.00,44.05,6.14,1.10,41
other,first-pause,8.746250,9.168500,-72.800,2888.9,0.0938,1.27,23.55,65.17,7.99,2.03,0
other,first-parade,9.168500,18.049875,-24.305,2383.0,0.0587,2.11,35.97,53.58,7.51,0.84,46
other,second-pause,18.049875,18.310792,-76.362,2314.2,0.0589,1.35,17.06,72.02,8.01,1.57,0
other,interlocking-parade,18.310792,36.600000,-24.333,2406.4,0.0784,1.00,31.85,58.11,8.31,0.74,92
other,open-breakdown,36.600000,44.400000,-21.634,2586.9,0.0784,6.24,31.70,54.72,6.63,0.71,40
other,tunnel-return,44.400000,54.900000,-22.774,2239.9,0.0771,1.36,27.99,63.77,6.35,0.53,53
other,suspended-breakdown,54.900000,64.000000,-22.883,2750.6,0.0297,7.52,47.42,38.46,5.64,0.97,45
other,finale,64.000000,82.300000,-22.331,2212.0,0.0925,1.69,30.05,60.12,7.60,0.55,103
other,settle,82.300000,86.120000,-22.335,785.8,0.0016,9.68,56.09,33.82,0.40,0.00,12
vocals,assembly,0.000000,8.746250,-77.948,1617.2,0.0018,1.57,20.03,70.80,4.98,2.62,0
vocals,first-pause,8.746250,9.168500,-81.009,73.3,0.0003,1.23,16.51,42.39,29.54,10.34,0
vocals,first-parade,9.168500,18.049875,-77.740,1949.4,0.0152,4.12,38.25,40.19,14.05,3.39,0
vocals,second-pause,18.049875,18.310792,-82.541,0.0,0.0038,4.73,27.10,44.20,17.03,6.95,0
vocals,interlocking-parade,18.310792,36.600000,-47.234,2623.2,0.0702,2.05,53.91,40.05,3.15,0.84,23
vocals,open-breakdown,36.600000,44.400000,-72.036,1789.4,0.0241,2.03,8.37,85.84,3.02,0.74,0
vocals,tunnel-return,44.400000,54.900000,-38.555,3065.0,0.1058,0.39,7.75,77.34,12.98,1.55,15
vocals,suspended-breakdown,54.900000,64.000000,-37.349,2514.3,0.0501,0.00,63.80,30.96,4.83,0.42,9
vocals,finale,64.000000,82.300000,-51.550,3826.2,0.1250,0.02,0.98,42.20,43.73,13.07,9
vocals,settle,82.300000,86.120000,-78.022,1424.4,0.0199,7.64,28.38,20.22,2.71,41.06,0
